<metadata xml:lang="en"><Esri><CreaDate>20191008</CreaDate><CreaTime>14514600</CreaTime><ArcGISFormat>1.0</ArcGISFormat><SyncOnce>FALSE</SyncOnce><DataProperties><itemProps><itemName Sync="TRUE">Roads</itemName><imsContentType Sync="TRUE">002</imsContentType><itemLocation><linkage Sync="TRUE">file://\\DESKTOP-5IB3Q74\E$\GeoProg\Roads.shp</linkage><protocol Sync="TRUE">Local Area Network</protocol></itemLocation><itemSize Sync="TRUE">0.000</itemSize></itemProps><coordRef><type Sync="TRUE">Projected</type><geogcsn Sync="TRUE">GCS_GDA_1994</geogcsn><csUnits Sync="TRUE">Linear Unit: Meter (1.000000)</csUnits><projcsn Sync="TRUE">GDA_1994_VICGRID94</projcsn><peXml Sync="TRUE">&lt;ProjectedCoordinateSystem xsi:type='typens:ProjectedCoordinateSystem' xmlns:xsi='http://www.w3.org/2001/XMLSchema-instance' xmlns:xs='http://www.w3.org/2001/XMLSchema' xmlns:typens='http://www.esri.com/schemas/ArcGIS/10.6'&gt;&lt;WKT&gt;PROJCS[&amp;quot;GDA_1994_VICGRID94&amp;quot;,GEOGCS[&amp;quot;GCS_GDA_1994&amp;quot;,DATUM[&amp;quot;D_GDA_1994&amp;quot;,SPHEROID[&amp;quot;GRS_1980&amp;quot;,6378137.0,298.257222101]],PRIMEM[&amp;quot;Greenwich&amp;quot;,0.0],UNIT[&amp;quot;Degree&amp;quot;,0.0174532925199433]],PROJECTION[&amp;quot;Lambert_Conformal_Conic&amp;quot;],PARAMETER[&amp;quot;False_Easting&amp;quot;,2500000.0],PARAMETER[&amp;quot;False_Northing&amp;quot;,2500000.0],PARAMETER[&amp;quot;Central_Meridian&amp;quot;,145.0],PARAMETER[&amp;quot;Standard_Parallel_1&amp;quot;,-36.0],PARAMETER[&amp;quot;Standard_Parallel_2&amp;quot;,-38.0],PARAMETER[&amp;quot;Latitude_Of_Origin&amp;quot;,-37.0],UNIT[&amp;quot;Meter&amp;quot;,1.0],AUTHORITY[&amp;quot;EPSG&amp;quot;,3111]]&lt;/WKT&gt;&lt;XOrigin&gt;-34932800&lt;/XOrigin&gt;&lt;YOrigin&gt;-17746400&lt;/YOrigin&gt;&lt;XYScale&gt;120311588.42967919&lt;/XYScale&gt;&lt;ZOrigin&gt;-100000&lt;/ZOrigin&gt;&lt;ZScale&gt;10000&lt;/ZScale&gt;&lt;MOrigin&gt;-100000&lt;/MOrigin&gt;&lt;MScale&gt;10000&lt;/MScale&gt;&lt;XYTolerance&gt;0.001&lt;/XYTolerance&gt;&lt;ZTolerance&gt;0.001&lt;/ZTolerance&gt;&lt;MTolerance&gt;0.001&lt;/MTolerance&gt;&lt;HighPrecision&gt;true&lt;/HighPrecision&gt;&lt;WKID&gt;102171&lt;/WKID&gt;&lt;LatestWKID&gt;3111&lt;/LatestWKID&gt;&lt;/ProjectedCoordinateSystem&gt;</peXml></coordRef><lineage><Process ToolSource="c:\program files (x86)\arcgis\desktop10.6\ArcToolbox\Toolboxes\Analysis Tools.tbx\Clip" Date="20191008" Time="145224">Clip TR_ROAD solar_irradiance "D:\GIS\Major GIS assignment\Major.gdb\TR_ROAD_Clip" #</Process><Process ToolSource="c:\program files (x86)\arcgis\desktop10.6\ArcToolbox\Toolboxes\Conversion Tools.tbx\FeatureClassToFeatureClass" Date="20191015" Time="165052">FeatureClassToFeatureClass "D:\GIS\Major GIS assignment\Major.gdb\TR_ROAD_Clip" E:\GeoProg Roads.shp # "PFI "PFI" true true false 4 Long 0 0 ,First,#,D:\GIS\Major GIS assignment\Major.gdb\TR_ROAD_Clip,PFI,-1,-1;UFI "UFI" true true false 4 Long 0 0 ,First,#,D:\GIS\Major GIS assignment\Major.gdb\TR_ROAD_Clip,UFI,-1,-1;FTYPE_CODE "FTYPE_CODE" true true false 30 Text 0 0 ,First,#,D:\GIS\Major GIS assignment\Major.gdb\TR_ROAD_Clip,FTYPE_CODE,-1,-1;NFEAT_ID "NFEAT_ID" true true false 4 Long 0 0 ,First,#,D:\GIS\Major GIS assignment\Major.gdb\TR_ROAD_Clip,NFEAT_ID,-1,-1;EZI_RDNAME "EZI_RDNAME" true true false 65 Text 0 0 ,First,#,D:\GIS\Major GIS assignment\Major.gdb\TR_ROAD_Clip,EZI_RDNAME,-1,-1;EZIRDNMLBL "EZIRDNMLBL" true true false 65 Text 0 0 ,First,#,D:\GIS\Major GIS assignment\Major.gdb\TR_ROAD_Clip,EZIRDNMLBL,-1,-1;ROAD_NAME "ROAD_NAME" true true false 45 Text 0 0 ,First,#,D:\GIS\Major GIS assignment\Major.gdb\TR_ROAD_Clip,ROAD_NAME,-1,-1;ROAD_TYPE "ROAD_TYPE" true true false 15 Text 0 0 ,First,#,D:\GIS\Major GIS assignment\Major.gdb\TR_ROAD_Clip,ROAD_TYPE,-1,-1;RD_SUF "RD_SUF" true true false 2 Text 0 0 ,First,#,D:\GIS\Major GIS assignment\Major.gdb\TR_ROAD_Clip,RD_SUF,-1,-1;RD_NAME1 "RD_NAME1" true true false 45 Text 0 0 ,First,#,D:\GIS\Major GIS assignment\Major.gdb\TR_ROAD_Clip,RD_NAME1,-1,-1;RD_TYPE1 "RD_TYPE1" true true false 15 Text 0 0 ,First,#,D:\GIS\Major GIS assignment\Major.gdb\TR_ROAD_Clip,RD_TYPE1,-1,-1;RD_SUF1 "RD_SUF1" true true false 2 Text 0 0 ,First,#,D:\GIS\Major GIS assignment\Major.gdb\TR_ROAD_Clip,RD_SUF1,-1,-1;RD_NAME2 "RD_NAME2" true true false 45 Text 0 0 ,First,#,D:\GIS\Major GIS assignment\Major.gdb\TR_ROAD_Clip,RD_NAME2,-1,-1;RD_TYPE2 "RD_TYPE2" true true false 15 Text 0 0 ,First,#,D:\GIS\Major GIS assignment\Major.gdb\TR_ROAD_Clip,RD_TYPE2,-1,-1;RD_SUF2 "RD_SUF2" true true false 2 Text 0 0 ,First,#,D:\GIS\Major GIS assignment\Major.gdb\TR_ROAD_Clip,RD_SUF2,-1,-1;RD_NAME3 "RD_NAME3" true true false 45 Text 0 0 ,First,#,D:\GIS\Major GIS assignment\Major.gdb\TR_ROAD_Clip,RD_NAME3,-1,-1;RD_TYPE3 "RD_TYPE3" true true false 15 Text 0 0 ,First,#,D:\GIS\Major GIS assignment\Major.gdb\TR_ROAD_Clip,RD_TYPE3,-1,-1;RD_SUF3 "RD_SUF3" true true false 2 Text 0 0 ,First,#,D:\GIS\Major GIS assignment\Major.gdb\TR_ROAD_Clip,RD_SUF3,-1,-1;RD_NAME4 "RD_NAME4" true true false 45 Text 0 0 ,First,#,D:\GIS\Major GIS assignment\Major.gdb\TR_ROAD_Clip,RD_NAME4,-1,-1;RD_TYPE4 "RD_TYPE4" true true false 15 Text 0 0 ,First,#,D:\GIS\Major GIS assignment\Major.gdb\TR_ROAD_Clip,RD_TYPE4,-1,-1;RD_SUF4 "RD_SUF4" true true false 2 Text 0 0 ,First,#,D:\GIS\Major GIS assignment\Major.gdb\TR_ROAD_Clip,RD_SUF4,-1,-1;RD_NAME5 "RD_NAME5" true true false 45 Text 0 0 ,First,#,D:\GIS\Major GIS assignment\Major.gdb\TR_ROAD_Clip,RD_NAME5,-1,-1;RD_TYPE5 "RD_TYPE5" true true false 15 Text 0 0 ,First,#,D:\GIS\Major GIS assignment\Major.gdb\TR_ROAD_Clip,RD_TYPE5,-1,-1;RD_SUF5 "RD_SUF5" true true false 2 Text 0 0 ,First,#,D:\GIS\Major GIS assignment\Major.gdb\TR_ROAD_Clip,RD_SUF5,-1,-1;RD_NAME6 "RD_NAME6" true true false 45 Text 0 0 ,First,#,D:\GIS\Major GIS assignment\Major.gdb\TR_ROAD_Clip,RD_NAME6,-1,-1;RD_TYPE6 "RD_TYPE6" true true false 15 Text 0 0 ,First,#,D:\GIS\Major GIS assignment\Major.gdb\TR_ROAD_Clip,RD_TYPE6,-1,-1;RD_SUF6 "RD_SUF6" true true false 2 Text 0 0 ,First,#,D:\GIS\Major GIS assignment\Major.gdb\TR_ROAD_Clip,RD_SUF6,-1,-1;RD_NAME7 "RD_NAME7" true true false 45 Text 0 0 ,First,#,D:\GIS\Major GIS assignment\Major.gdb\TR_ROAD_Clip,RD_NAME7,-1,-1;RD_TYPE7 "RD_TYPE7" true true false 15 Text 0 0 ,First,#,D:\GIS\Major GIS assignment\Major.gdb\TR_ROAD_Clip,RD_TYPE7,-1,-1;RD_SUF7 "RD_SUF7" true true false 2 Text 0 0 ,First,#,D:\GIS\Major GIS assignment\Major.gdb\TR_ROAD_Clip,RD_SUF7,-1,-1;LEFT_LOC "LEFT_LOC" true true false 40 Text 0 0 ,First,#,D:\GIS\Major GIS assignment\Major.gdb\TR_ROAD_Clip,LEFT_LOC,-1,-1;RIGHT_LOC "RIGHT_LOC" true true false 40 Text 0 0 ,First,#,D:\GIS\Major GIS assignment\Major.gdb\TR_ROAD_Clip,RIGHT_LOC,-1,-1;CLASS_CODE "CLASS_CODE" true true false 2 Short 0 0 ,First,#,D:\GIS\Major GIS assignment\Major.gdb\TR_ROAD_Clip,CLASS_CODE,-1,-1;DIR_CODE "DIR_CODE" true true false 1 Text 0 0 ,First,#,D:\GIS\Major GIS assignment\Major.gdb\TR_ROAD_Clip,DIR_CODE,-1,-1;ROUTE_NO "ROUTE_NO" true true false 5 Text 0 0 ,First,#,D:\GIS\Major GIS assignment\Major.gdb\TR_ROAD_Clip,ROUTE_NO,-1,-1;STRUCTNAME "STRUCTNAME" true true false 50 Text 0 0 ,First,#,D:\GIS\Major GIS assignment\Major.gdb\TR_ROAD_Clip,STRUCTNAME,-1,-1;HT_LIMIT "HT_LIMIT" true true false 4 Float 0 0 ,First,#,D:\GIS\Major GIS assignment\Major.gdb\TR_ROAD_Clip,HT_LIMIT,-1,-1;RESTRICTN "RESTRICTN" true true false 1 Text 0 0 ,First,#,D:\GIS\Major GIS assignment\Major.gdb\TR_ROAD_Clip,RESTRICTN,-1,-1;PHYS_COND "PHYS_COND" true true false 1 Text 0 0 ,First,#,D:\GIS\Major GIS assignment\Major.gdb\TR_ROAD_Clip,PHYS_COND,-1,-1;CONST_TYPE "CONST_TYPE" true true false 2 Text 0 0 ,First,#,D:\GIS\Major GIS assignment\Major.gdb\TR_ROAD_Clip,CONST_TYPE,-1,-1;ROAD_SEAL "ROAD_SEAL" true true false 1 Text 0 0 ,First,#,D:\GIS\Major GIS assignment\Major.gdb\TR_ROAD_Clip,ROAD_SEAL,-1,-1;DIV_RD "DIV_RD" true true false 2 Text 0 0 ,First,#,D:\GIS\Major GIS assignment\Major.gdb\TR_ROAD_Clip,DIV_RD,-1,-1;NRE_ROUTE "NRE_ROUTE" true true false 6 Text 0 0 ,First,#,D:\GIS\Major GIS assignment\Major.gdb\TR_ROAD_Clip,NRE_ROUTE,-1,-1;FROM_UFI "FROM_UFI" true true false 4 Long 0 0 ,First,#,D:\GIS\Major GIS assignment\Major.gdb\TR_ROAD_Clip,FROM_UFI,-1,-1;TO_UFI "TO_UFI" true true false 4 Long 0 0 ,First,#,D:\GIS\Major GIS assignment\Major.gdb\TR_ROAD_Clip,TO_UFI,-1,-1;FQID "FQID" true true false 4 Long 0 0 ,First,#,D:\GIS\Major GIS assignment\Major.gdb\TR_ROAD_Clip,FQID,-1,-1;CRDATE_PFI "CRDATE_PFI" true true false 8 Date 0 0 ,First,#,D:\GIS\Major GIS assignment\Major.gdb\TR_ROAD_Clip,CRDATE_PFI,-1,-1;SUPER_PFI "SUPER_PFI" true true false 4 Long 0 0 ,First,#,D:\GIS\Major GIS assignment\Major.gdb\TR_ROAD_Clip,SUPER_PFI,-1,-1;CRDATE_UFI "CRDATE_UFI" true true false 8 Date 0 0 ,First,#,D:\GIS\Major GIS assignment\Major.gdb\TR_ROAD_Clip,CRDATE_UFI,-1,-1;Shape_Leng "Shape_Leng" false true true 8 Double 0 0 ,First,#,D:\GIS\Major GIS assignment\Major.gdb\TR_ROAD_Clip,Shape_Length,-1,-1" #</Process></lineage></DataProperties><SyncDate>20191015</SyncDate><SyncTime>16502000</SyncTime><ModDate>20191015</ModDate><ModTime>16502000</ModTime></Esri><dataIdInfo><envirDesc Sync="TRUE"> Version 6.2 (Build 9200) ; Esri ArcGIS 10.6.1.9270</envirDesc><dataLang><languageCode value="eng" Sync="TRUE"></languageCode><countryCode value="AUS" Sync="TRUE"></countryCode></dataLang><idCitation><resTitle Sync="TRUE">Roads</resTitle><presForm><PresFormCd value="005" Sync="TRUE"></PresFormCd></presForm></idCitation><spatRpType><SpatRepTypCd value="001" Sync="TRUE"></SpatRepTypCd></spatRpType></dataIdInfo><mdLang><languageCode value="eng" Sync="TRUE"></languageCode><countryCode value="AUS" Sync="TRUE"></countryCode></mdLang><distInfo><distFormat><formatName Sync="TRUE">Shapefile</formatName></distFormat><distTranOps><transSize Sync="TRUE">0.000</transSize></distTranOps></distInfo><mdHrLv><ScopeCd value="005" Sync="TRUE"></ScopeCd></mdHrLv><mdHrLvName Sync="TRUE">dataset</mdHrLvName><refSysInfo><RefSystem><refSysID><identCode code="3111" Sync="TRUE"></identCode><idCodeSpace Sync="TRUE">EPSG</idCodeSpace><idVersion Sync="TRUE">9.0(9.2.0)</idVersion></refSysID></RefSystem></refSysInfo><spatRepInfo><VectSpatRep><geometObjs Name="Roads"><geoObjTyp><GeoObjTypCd value="002" Sync="TRUE"></GeoObjTypCd></geoObjTyp><geoObjCnt Sync="TRUE">0</geoObjCnt></geometObjs><topLvl><TopoLevCd value="001" Sync="TRUE"></TopoLevCd></topLvl></VectSpatRep></spatRepInfo><spdoinfo><ptvctinf><esriterm Name="Roads"><efeatyp Sync="TRUE">Simple</efeatyp><efeageom code="3" Sync="TRUE"></efeageom><esritopo Sync="TRUE">FALSE</esritopo><efeacnt Sync="TRUE">0</efeacnt><spindex Sync="TRUE">FALSE</spindex><linrefer Sync="TRUE">FALSE</linrefer></esriterm></ptvctinf></spdoinfo><eainfo><detailed Name="Roads"><enttyp><enttypl Sync="TRUE">Roads</enttypl><enttypt Sync="TRUE">Feature Class</enttypt><enttypc Sync="TRUE">0</enttypc></enttyp><attr><attrlabl Sync="TRUE">FID</attrlabl><attalias Sync="TRUE">FID</attalias><attrtype Sync="TRUE">OID</attrtype><attwidth Sync="TRUE">4</attwidth><atprecis Sync="TRUE">0</atprecis><attscale Sync="TRUE">0</attscale><attrdef Sync="TRUE">Internal feature number.</attrdef><attrdefs Sync="TRUE">Esri</attrdefs><attrdomv><udom Sync="TRUE">Sequential unique whole numbers that are automatically generated.</udom></attrdomv></attr><attr><attrlabl Sync="TRUE">Shape</attrlabl><attalias Sync="TRUE">Shape</attalias><attrtype Sync="TRUE">Geometry</attrtype><attwidth Sync="TRUE">0</attwidth><atprecis Sync="TRUE">0</atprecis><attscale Sync="TRUE">0</attscale><attrdef Sync="TRUE">Feature geometry.</attrdef><attrdefs Sync="TRUE">Esri</attrdefs><attrdomv><udom Sync="TRUE">Coordinates defining the features.</udom></attrdomv></attr><attr><attrlabl Sync="TRUE">PFI</attrlabl><attalias Sync="TRUE">PFI</attalias><attrtype Sync="TRUE">Integer</attrtype><attwidth Sync="TRUE">10</attwidth><atprecis Sync="TRUE">10</atprecis><attscale Sync="TRUE">0</attscale></attr><attr><attrlabl Sync="TRUE">UFI</attrlabl><attalias Sync="TRUE">UFI</attalias><attrtype Sync="TRUE">Integer</attrtype><attwidth Sync="TRUE">10</attwidth><atprecis Sync="TRUE">10</atprecis><attscale Sync="TRUE">0</attscale></attr><attr><attrlabl Sync="TRUE">FTYPE_CODE</attrlabl><attalias Sync="TRUE">FTYPE_CODE</attalias><attrtype Sync="TRUE">String</attrtype><attwidth Sync="TRUE">30</attwidth><atprecis Sync="TRUE">0</atprecis><attscale Sync="TRUE">0</attscale></attr><attr><attrlabl Sync="TRUE">NFEAT_ID</attrlabl><attalias Sync="TRUE">NFEAT_ID</attalias><attrtype Sync="TRUE">Integer</attrtype><attwidth Sync="TRUE">10</attwidth><atprecis Sync="TRUE">10</atprecis><attscale Sync="TRUE">0</attscale></attr><attr><attrlabl Sync="TRUE">EZI_RDNAME</attrlabl><attalias Sync="TRUE">EZI_RDNAME</attalias><attrtype Sync="TRUE">String</attrtype><attwidth Sync="TRUE">65</attwidth><atprecis Sync="TRUE">0</atprecis><attscale Sync="TRUE">0</attscale></attr><attr><attrlabl Sync="TRUE">EZIRDNMLBL</attrlabl><attalias Sync="TRUE">EZIRDNMLBL</attalias><attrtype Sync="TRUE">String</attrtype><attwidth Sync="TRUE">65</attwidth><atprecis Sync="TRUE">0</atprecis><attscale Sync="TRUE">0</attscale></attr><attr><attrlabl Sync="TRUE">ROAD_NAME</attrlabl><attalias Sync="TRUE">ROAD_NAME</attalias><attrtype Sync="TRUE">String</attrtype><attwidth Sync="TRUE">45</attwidth><atprecis Sync="TRUE">0</atprecis><attscale Sync="TRUE">0</attscale></attr><attr><attrlabl Sync="TRUE">ROAD_TYPE</attrlabl><attalias Sync="TRUE">ROAD_TYPE</attalias><attrtype Sync="TRUE">String</attrtype><attwidth Sync="TRUE">15</attwidth><atprecis Sync="TRUE">0</atprecis><attscale Sync="TRUE">0</attscale></attr><attr><attrlabl Sync="TRUE">RD_SUF</attrlabl><attalias Sync="TRUE">RD_SUF</attalias><attrtype Sync="TRUE">String</attrtype><attwidth Sync="TRUE">2</attwidth><atprecis Sync="TRUE">0</atprecis><attscale Sync="TRUE">0</attscale></attr><attr><attrlabl Sync="TRUE">RD_NAME1</attrlabl><attalias Sync="TRUE">RD_NAME1</attalias><attrtype Sync="TRUE">String</attrtype><attwidth Sync="TRUE">45</attwidth><atprecis Sync="TRUE">0</atprecis><attscale Sync="TRUE">0</attscale></attr><attr><attrlabl Sync="TRUE">RD_TYPE1</attrlabl><attalias Sync="TRUE">RD_TYPE1</attalias><attrtype Sync="TRUE">String</attrtype><attwidth Sync="TRUE">15</attwidth><atprecis Sync="TRUE">0</atprecis><attscale Sync="TRUE">0</attscale></attr><attr><attrlabl Sync="TRUE">RD_SUF1</attrlabl><attalias Sync="TRUE">RD_SUF1</attalias><attrtype Sync="TRUE">String</attrtype><attwidth Sync="TRUE">2</attwidth><atprecis Sync="TRUE">0</atprecis><attscale Sync="TRUE">0</attscale></attr><attr><attrlabl Sync="TRUE">RD_NAME2</attrlabl><attalias Sync="TRUE">RD_NAME2</attalias><attrtype Sync="TRUE">String</attrtype><attwidth Sync="TRUE">45</attwidth><atprecis Sync="TRUE">0</atprecis><attscale Sync="TRUE">0</attscale></attr><attr><attrlabl Sync="TRUE">RD_TYPE2</attrlabl><attalias Sync="TRUE">RD_TYPE2</attalias><attrtype Sync="TRUE">String</attrtype><attwidth Sync="TRUE">15</attwidth><atprecis Sync="TRUE">0</atprecis><attscale Sync="TRUE">0</attscale></attr><attr><attrlabl Sync="TRUE">RD_SUF2</attrlabl><attalias Sync="TRUE">RD_SUF2</attalias><attrtype Sync="TRUE">String</attrtype><attwidth Sync="TRUE">2</attwidth><atprecis Sync="TRUE">0</atprecis><attscale Sync="TRUE">0</attscale></attr><attr><attrlabl Sync="TRUE">RD_NAME3</attrlabl><attalias Sync="TRUE">RD_NAME3</attalias><attrtype Sync="TRUE">String</attrtype><attwidth Sync="TRUE">45</attwidth><atprecis Sync="TRUE">0</atprecis><attscale Sync="TRUE">0</attscale></attr><attr><attrlabl Sync="TRUE">RD_TYPE3</attrlabl><attalias Sync="TRUE">RD_TYPE3</attalias><attrtype Sync="TRUE">String</attrtype><attwidth Sync="TRUE">15</attwidth><atprecis Sync="TRUE">0</atprecis><attscale Sync="TRUE">0</attscale></attr><attr><attrlabl Sync="TRUE">RD_SUF3</attrlabl><attalias Sync="TRUE">RD_SUF3</attalias><attrtype Sync="TRUE">String</attrtype><attwidth Sync="TRUE">2</attwidth><atprecis Sync="TRUE">0</atprecis><attscale Sync="TRUE">0</attscale></attr><attr><attrlabl Sync="TRUE">RD_NAME4</attrlabl><attalias Sync="TRUE">RD_NAME4</attalias><attrtype Sync="TRUE">String</attrtype><attwidth Sync="TRUE">45</attwidth><atprecis Sync="TRUE">0</atprecis><attscale Sync="TRUE">0</attscale></attr><attr><attrlabl Sync="TRUE">RD_TYPE4</attrlabl><attalias Sync="TRUE">RD_TYPE4</attalias><attrtype Sync="TRUE">String</attrtype><attwidth Sync="TRUE">15</attwidth><atprecis Sync="TRUE">0</atprecis><attscale Sync="TRUE">0</attscale></attr><attr><attrlabl Sync="TRUE">RD_SUF4</attrlabl><attalias Sync="TRUE">RD_SUF4</attalias><attrtype Sync="TRUE">String</attrtype><attwidth Sync="TRUE">2</attwidth><atprecis Sync="TRUE">0</atprecis><attscale Sync="TRUE">0</attscale></attr><attr><attrlabl Sync="TRUE">RD_NAME5</attrlabl><attalias Sync="TRUE">RD_NAME5</attalias><attrtype Sync="TRUE">String</attrtype><attwidth Sync="TRUE">45</attwidth><atprecis Sync="TRUE">0</atprecis><attscale Sync="TRUE">0</attscale></attr><attr><attrlabl Sync="TRUE">RD_TYPE5</attrlabl><attalias Sync="TRUE">RD_TYPE5</attalias><attrtype Sync="TRUE">String</attrtype><attwidth Sync="TRUE">15</attwidth><atprecis Sync="TRUE">0</atprecis><attscale Sync="TRUE">0</attscale></attr><attr><attrlabl Sync="TRUE">RD_SUF5</attrlabl><attalias Sync="TRUE">RD_SUF5</attalias><attrtype Sync="TRUE">String</attrtype><attwidth Sync="TRUE">2</attwidth><atprecis Sync="TRUE">0</atprecis><attscale Sync="TRUE">0</attscale></attr><attr><attrlabl Sync="TRUE">RD_NAME6</attrlabl><attalias Sync="TRUE">RD_NAME6</attalias><attrtype Sync="TRUE">String</attrtype><attwidth Sync="TRUE">45</attwidth><atprecis Sync="TRUE">0</atprecis><attscale Sync="TRUE">0</attscale></attr><attr><attrlabl Sync="TRUE">RD_TYPE6</attrlabl><attalias Sync="TRUE">RD_TYPE6</attalias><attrtype Sync="TRUE">String</attrtype><attwidth Sync="TRUE">15</attwidth><atprecis Sync="TRUE">0</atprecis><attscale Sync="TRUE">0</attscale></attr><attr><attrlabl Sync="TRUE">RD_SUF6</attrlabl><attalias Sync="TRUE">RD_SUF6</attalias><attrtype Sync="TRUE">String</attrtype><attwidth Sync="TRUE">2</attwidth><atprecis Sync="TRUE">0</atprecis><attscale Sync="TRUE">0</attscale></attr><attr><attrlabl Sync="TRUE">RD_NAME7</attrlabl><attalias Sync="TRUE">RD_NAME7</attalias><attrtype Sync="TRUE">String</attrtype><attwidth Sync="TRUE">45</attwidth><atprecis Sync="TRUE">0</atprecis><attscale Sync="TRUE">0</attscale></attr><attr><attrlabl Sync="TRUE">RD_TYPE7</attrlabl><attalias Sync="TRUE">RD_TYPE7</attalias><attrtype Sync="TRUE">String</attrtype><attwidth Sync="TRUE">15</attwidth><atprecis Sync="TRUE">0</atprecis><attscale Sync="TRUE">0</attscale></attr><attr><attrlabl Sync="TRUE">RD_SUF7</attrlabl><attalias Sync="TRUE">RD_SUF7</attalias><attrtype Sync="TRUE">String</attrtype><attwidth Sync="TRUE">2</attwidth><atprecis Sync="TRUE">0</atprecis><attscale Sync="TRUE">0</attscale></attr><attr><attrlabl Sync="TRUE">LEFT_LOC</attrlabl><attalias Sync="TRUE">LEFT_LOC</attalias><attrtype Sync="TRUE">String</attrtype><attwidth Sync="TRUE">40</attwidth><atprecis Sync="TRUE">0</atprecis><attscale Sync="TRUE">0</attscale></attr><attr><attrlabl Sync="TRUE">RIGHT_LOC</attrlabl><attalias Sync="TRUE">RIGHT_LOC</attalias><attrtype Sync="TRUE">String</attrtype><attwidth Sync="TRUE">40</attwidth><atprecis Sync="TRUE">0</atprecis><attscale Sync="TRUE">0</attscale></attr><attr><attrlabl Sync="TRUE">CLASS_CODE</attrlabl><attalias Sync="TRUE">CLASS_CODE</attalias><attrtype Sync="TRUE">Integer</attrtype><attwidth Sync="TRUE">5</attwidth><atprecis Sync="TRUE">5</atprecis><attscale Sync="TRUE">0</attscale></attr><attr><attrlabl Sync="TRUE">DIR_CODE</attrlabl><attalias Sync="TRUE">DIR_CODE</attalias><attrtype Sync="TRUE">String</attrtype><attwidth Sync="TRUE">1</attwidth><atprecis Sync="TRUE">0</atprecis><attscale Sync="TRUE">0</attscale></attr><attr><attrlabl Sync="TRUE">ROUTE_NO</attrlabl><attalias Sync="TRUE">ROUTE_NO</attalias><attrtype Sync="TRUE">String</attrtype><attwidth Sync="TRUE">5</attwidth><atprecis Sync="TRUE">0</atprecis><attscale Sync="TRUE">0</attscale></attr><attr><attrlabl Sync="TRUE">STRUCTNAME</attrlabl><attalias Sync="TRUE">STRUCTNAME</attalias><attrtype Sync="TRUE">String</attrtype><attwidth Sync="TRUE">50</attwidth><atprecis Sync="TRUE">0</atprecis><attscale Sync="TRUE">0</attscale></attr><attr><attrlabl Sync="TRUE">HT_LIMIT</attrlabl><attalias Sync="TRUE">HT_LIMIT</attalias><attrtype Sync="TRUE">Single</attrtype><attwidth Sync="TRUE">13</attwidth><atprecis Sync="TRUE">0</atprecis><attscale Sync="TRUE">0</attscale></attr><attr><attrlabl Sync="TRUE">RESTRICTN</attrlabl><attalias Sync="TRUE">RESTRICTN</attalias><attrtype Sync="TRUE">String</attrtype><attwidth Sync="TRUE">1</attwidth><atprecis Sync="TRUE">0</atprecis><attscale Sync="TRUE">0</attscale></attr><attr><attrlabl Sync="TRUE">PHYS_COND</attrlabl><attalias Sync="TRUE">PHYS_COND</attalias><attrtype Sync="TRUE">String</attrtype><attwidth Sync="TRUE">1</attwidth><atprecis Sync="TRUE">0</atprecis><attscale Sync="TRUE">0</attscale></attr><attr><attrlabl Sync="TRUE">CONST_TYPE</attrlabl><attalias Sync="TRUE">CONST_TYPE</attalias><attrtype Sync="TRUE">String</attrtype><attwidth Sync="TRUE">2</attwidth><atprecis Sync="TRUE">0</atprecis><attscale Sync="TRUE">0</attscale></attr><attr><attrlabl Sync="TRUE">ROAD_SEAL</attrlabl><attalias Sync="TRUE">ROAD_SEAL</attalias><attrtype Sync="TRUE">String</attrtype><attwidth Sync="TRUE">1</attwidth><atprecis Sync="TRUE">0</atprecis><attscale Sync="TRUE">0</attscale></attr><attr><attrlabl Sync="TRUE">DIV_RD</attrlabl><attalias Sync="TRUE">DIV_RD</attalias><attrtype Sync="TRUE">String</attrtype><attwidth Sync="TRUE">2</attwidth><atprecis Sync="TRUE">0</atprecis><attscale Sync="TRUE">0</attscale></attr><attr><attrlabl Sync="TRUE">NRE_ROUTE</attrlabl><attalias Sync="TRUE">NRE_ROUTE</attalias><attrtype Sync="TRUE">String</attrtype><attwidth Sync="TRUE">6</attwidth><atprecis Sync="TRUE">0</atprecis><attscale Sync="TRUE">0</attscale></attr><attr><attrlabl Sync="TRUE">FROM_UFI</attrlabl><attalias Sync="TRUE">FROM_UFI</attalias><attrtype Sync="TRUE">Integer</attrtype><attwidth Sync="TRUE">10</attwidth><atprecis Sync="TRUE">10</atprecis><attscale Sync="TRUE">0</attscale></attr><attr><attrlabl Sync="TRUE">TO_UFI</attrlabl><attalias Sync="TRUE">TO_UFI</attalias><attrtype Sync="TRUE">Integer</attrtype><attwidth Sync="TRUE">10</attwidth><atprecis Sync="TRUE">10</atprecis><attscale Sync="TRUE">0</attscale></attr><attr><attrlabl Sync="TRUE">FQID</attrlabl><attalias Sync="TRUE">FQID</attalias><attrtype Sync="TRUE">Integer</attrtype><attwidth Sync="TRUE">10</attwidth><atprecis Sync="TRUE">10</atprecis><attscale Sync="TRUE">0</attscale></attr><attr><attrlabl Sync="TRUE">CRDATE_PFI</attrlabl><attalias Sync="TRUE">CRDATE_PFI</attalias><attrtype Sync="TRUE">Date</attrtype><attwidth Sync="TRUE">8</attwidth><atprecis Sync="TRUE">0</atprecis><attscale Sync="TRUE">0</attscale></attr><attr><attrlabl Sync="TRUE">SUPER_PFI</attrlabl><attalias Sync="TRUE">SUPER_PFI</attalias><attrtype Sync="TRUE">Integer</attrtype><attwidth Sync="TRUE">10</attwidth><atprecis Sync="TRUE">10</atprecis><attscale Sync="TRUE">0</attscale></attr><attr><attrlabl Sync="TRUE">CRDATE_UFI</attrlabl><attalias Sync="TRUE">CRDATE_UFI</attalias><attrtype Sync="TRUE">Date</attrtype><attwidth Sync="TRUE">8</attwidth><atprecis Sync="TRUE">0</atprecis><attscale Sync="TRUE">0</attscale></attr><attr><attrlabl Sync="TRUE">Shape_Leng</attrlabl><attalias Sync="TRUE">Shape_Leng</attalias><attrtype Sync="TRUE">Double</attrtype><attwidth Sync="TRUE">19</attwidth><atprecis Sync="TRUE">0</atprecis><attscale Sync="TRUE">0</attscale></attr></detailed></eainfo><mdDateSt Sync="TRUE">20191015</mdDateSt></metadata>
