<?xml version="1.0" encoding="UTF-8"?>
<metadata xml:lang="en"><Esri><CreaDate>20191016</CreaDate><CreaTime>17520500</CreaTime><ArcGISFormat>1.0</ArcGISFormat><SyncOnce>FALSE</SyncOnce><DataProperties><itemProps><itemName Sync="TRUE">small_parcel</itemName><imsContentType Sync="TRUE">002</imsContentType><itemLocation><linkage Sync="TRUE">file://\\LAPTOP-CL6CDKU7\C$\Users\nudro\OneDrive\Documents\ArcGIS\Default.gdb</linkage><protocol Sync="TRUE">Local Area Network</protocol></itemLocation></itemProps><coordRef><type Sync="TRUE">Projected</type><geogcsn Sync="TRUE">GCS_GDA_1994</geogcsn><csUnits Sync="TRUE">Linear Unit: Meter (1.000000)</csUnits><projcsn Sync="TRUE">GDA_1994_VICGRID94</projcsn><peXml Sync="TRUE">&lt;ProjectedCoordinateSystem xsi:type='typens:ProjectedCoordinateSystem' xmlns:xsi='http://www.w3.org/2001/XMLSchema-instance' xmlns:xs='http://www.w3.org/2001/XMLSchema' xmlns:typens='http://www.esri.com/schemas/ArcGIS/10.6'&gt;&lt;WKT&gt;PROJCS[&amp;quot;GDA_1994_VICGRID94&amp;quot;,GEOGCS[&amp;quot;GCS_GDA_1994&amp;quot;,DATUM[&amp;quot;D_GDA_1994&amp;quot;,SPHEROID[&amp;quot;GRS_1980&amp;quot;,6378137.0,298.257222101]],PRIMEM[&amp;quot;Greenwich&amp;quot;,0.0],UNIT[&amp;quot;Degree&amp;quot;,0.0174532925199433]],PROJECTION[&amp;quot;Lambert_Conformal_Conic&amp;quot;],PARAMETER[&amp;quot;False_Easting&amp;quot;,2500000.0],PARAMETER[&amp;quot;False_Northing&amp;quot;,2500000.0],PARAMETER[&amp;quot;Central_Meridian&amp;quot;,145.0],PARAMETER[&amp;quot;Standard_Parallel_1&amp;quot;,-36.0],PARAMETER[&amp;quot;Standard_Parallel_2&amp;quot;,-38.0],PARAMETER[&amp;quot;Latitude_Of_Origin&amp;quot;,-37.0],UNIT[&amp;quot;Meter&amp;quot;,1.0],AUTHORITY[&amp;quot;EPSG&amp;quot;,3111]]&lt;/WKT&gt;&lt;XOrigin&gt;-34932800&lt;/XOrigin&gt;&lt;YOrigin&gt;-17746400&lt;/YOrigin&gt;&lt;XYScale&gt;10000&lt;/XYScale&gt;&lt;ZOrigin&gt;-100000&lt;/ZOrigin&gt;&lt;ZScale&gt;10000&lt;/ZScale&gt;&lt;MOrigin&gt;-100000&lt;/MOrigin&gt;&lt;MScale&gt;10000&lt;/MScale&gt;&lt;XYTolerance&gt;0.001&lt;/XYTolerance&gt;&lt;ZTolerance&gt;0.001&lt;/ZTolerance&gt;&lt;MTolerance&gt;0.001&lt;/MTolerance&gt;&lt;HighPrecision&gt;true&lt;/HighPrecision&gt;&lt;WKID&gt;102171&lt;/WKID&gt;&lt;LatestWKID&gt;3111&lt;/LatestWKID&gt;&lt;/ProjectedCoordinateSystem&gt;</peXml></coordRef><lineage><Process ToolSource="c:\program files (x86)\arcgis\desktop10.6\ArcToolbox\Toolboxes\Conversion Tools.tbx\FeatureClassToFeatureClass" Date="20191016" Time="174654">FeatureClassToFeatureClass PARCEL_MP C:\geoprog\MajorAssignment\GeoProg\major.gdb Parcel # "PARCEL_PFI "PARCEL_PFI" true true false 10 Text 0 0 ,First,#,PARCEL_MP,PARCEL_PFI,-1,-1;PARCEL_SPI "PARCEL_SPI" true true false 18 Text 0 0 ,First,#,PARCEL_MP,PARCEL_SPI,-1,-1;PC_SPIC "PC_SPIC" true true false 4 Short 0 4 ,First,#,PARCEL_MP,PC_SPIC,-1,-1;PC_DTYPE "PC_DTYPE" true true false 2 Text 0 0 ,First,#,PARCEL_MP,PC_DTYPE,-1,-1;PC_LGAC "PC_LGAC" true true false 3 Text 0 0 ,First,#,PARCEL_MP,PC_LGAC,-1,-1;PC_PLANNO "PC_PLANNO" true true false 9 Text 0 0 ,First,#,PARCEL_MP,PC_PLANNO,-1,-1;PC_LOTNO "PC_LOTNO" true true false 12 Text 0 0 ,First,#,PARCEL_MP,PC_LOTNO,-1,-1;PARC_ACCLT "PARC_ACCLT" true true false 1 Text 0 0 ,First,#,PARCEL_MP,PARC_ACCLT,-1,-1;PC_ALL "PC_ALL" true true false 10 Text 0 0 ,First,#,PARCEL_MP,PC_ALL,-1,-1;PARCEL_SEC "PARCEL_SEC" true true false 12 Text 0 0 ,First,#,PARCEL_MP,PARCEL_SEC,-1,-1;PC_BLK "PC_BLK" true true false 12 Text 0 0 ,First,#,PARCEL_MP,PC_BLK,-1,-1;PC_PORT "PC_PORT" true true false 12 Text 0 0 ,First,#,PARCEL_MP,PC_PORT,-1,-1;PC_SUB "PC_SUB" true true false 12 Text 0 0 ,First,#,PARCEL_MP,PC_SUB,-1,-1;PC_CRSTAT "PC_CRSTAT" true true false 1 Text 0 0 ,First,#,PARCEL_MP,PC_CRSTAT,-1,-1;PC_PARC "PC_PARC" true true false 4 Text 0 0 ,First,#,PARCEL_MP,PC_PARC,-1,-1;PC_TOWNC "PC_TOWNC" true true false 5 Text 0 0 ,First,#,PARCEL_MP,PC_TOWNC,-1,-1;PC_PNUM "PC_PNUM" true true false 10 Text 0 0 ,First,#,PARCEL_MP,PC_PNUM,-1,-1;PC_FDESC "PC_FDESC" true true false 80 Text 0 0 ,First,#,PARCEL_MP,PC_FDESC,-1,-1;PC_PART "PC_PART" true true false 1 Text 0 0 ,First,#,PARCEL_MP,PC_PART,-1,-1;PC_CREFNO "PC_CREFNO" true true false 15 Text 0 0 ,First,#,PARCEL_MP,PC_CREFNO,-1,-1;PC_STAT "PC_STAT" true true false 1 Text 0 0 ,First,#,PARCEL_MP,PC_STAT,-1,-1;PC_PFI_CR "PC_PFI_CR" true true false 8 Date 0 0 ,First,#,PARCEL_MP,PC_PFI_CR,-1,-1;PARCEL_UFI "PARCEL_UFI" true true false 11 Double 0 11 ,First,#,PARCEL_MP,PARCEL_UFI,-1,-1;PC_UFI_CR "PC_UFI_CR" true true false 8 Date 0 0 ,First,#,PARCEL_MP,PC_UFI_CR,-1,-1;PC_UFI_OL "PC_UFI_OL" true true false 11 Double 0 11 ,First,#,PARCEL_MP,PC_UFI_OL,-1,-1;PARV_PFI "PARV_PFI" true true false 10 Text 0 0 ,First,#,PARCEL_MP,PARV_PFI,-1,-1;PV_CNT_PFI "PV_CNT_PFI" true true false 10 Text 0 0 ,First,#,PARCEL_MP,PV_CNT_PFI,-1,-1;ZLEVEL "ZLEVEL" true true false 2 Text 0 0 ,First,#,PARCEL_MP,ZLEVEL,-1,-1;PV_PFI_CR "PV_PFI_CR" true true false 8 Date 0 0 ,First,#,PARCEL_MP,PV_PFI_CR,-1,-1;PARV_UFI "PARV_UFI" true true false 11 Double 0 11 ,First,#,PARCEL_MP,PARV_UFI,-1,-1;PV_UFI_CR "PV_UFI_CR" true true false 8 Date 0 0 ,First,#,PARCEL_MP,PV_UFI_CR,-1,-1;PV_UFI_OLD "PV_UFI_OLD" true true false 11 Double 0 11 ,First,#,PARCEL_MP,PV_UFI_OLD,-1,-1" #</Process><Process ToolSource="c:\program files (x86)\arcgis\desktop10.6\ArcToolbox\Toolboxes\Analysis Tools.tbx\Clip" Date="20191016" Time="174913">Clip Parcel Transmission_lines_Buffer C:\Users\nudro\OneDrive\Documents\ArcGIS\Default.gdb\small_parcel #</Process></lineage></DataProperties><SyncDate>20191016</SyncDate><SyncTime>17480800</SyncTime><ModDate>20191016</ModDate><ModTime>17480800</ModTime></Esri><dataIdInfo><envirDesc Sync="TRUE"> Version 6.2 (Build 9200) ; Esri ArcGIS 10.6.1.9270</envirDesc><dataLang><languageCode value="eng" Sync="TRUE"></languageCode><countryCode value="AUS" Sync="TRUE"></countryCode></dataLang><idCitation><resTitle Sync="TRUE">small_parcel</resTitle><presForm><PresFormCd value="005" Sync="TRUE"></PresFormCd></presForm></idCitation><spatRpType><SpatRepTypCd value="001" Sync="TRUE"></SpatRepTypCd></spatRpType></dataIdInfo><mdLang><languageCode value="eng" Sync="TRUE"></languageCode><countryCode value="AUS" Sync="TRUE"></countryCode></mdLang><distInfo><distFormat><formatName Sync="TRUE">File Geodatabase Feature Class</formatName></distFormat></distInfo><mdHrLv><ScopeCd value="005" Sync="TRUE"></ScopeCd></mdHrLv><mdHrLvName Sync="TRUE">dataset</mdHrLvName><refSysInfo><RefSystem><refSysID><identCode code="3111" Sync="TRUE"></identCode><idCodeSpace Sync="TRUE">EPSG</idCodeSpace><idVersion Sync="TRUE">9.0(9.2.0)</idVersion></refSysID></RefSystem></refSysInfo><spatRepInfo><VectSpatRep><geometObjs Name="small_parcel"><geoObjTyp><GeoObjTypCd value="002" Sync="TRUE"></GeoObjTypCd></geoObjTyp><geoObjCnt Sync="TRUE">0</geoObjCnt></geometObjs><topLvl><TopoLevCd value="001" Sync="TRUE"></TopoLevCd></topLvl></VectSpatRep></spatRepInfo><spdoinfo><ptvctinf><esriterm Name="small_parcel"><efeatyp Sync="TRUE">Simple</efeatyp><efeageom code="4" Sync="TRUE"></efeageom><esritopo Sync="TRUE">FALSE</esritopo><efeacnt Sync="TRUE">0</efeacnt><spindex Sync="TRUE">TRUE</spindex><linrefer Sync="TRUE">FALSE</linrefer></esriterm></ptvctinf></spdoinfo><eainfo><detailed Name="small_parcel"><enttyp><enttypl Sync="TRUE">small_parcel</enttypl><enttypt Sync="TRUE">Feature Class</enttypt><enttypc Sync="TRUE">0</enttypc></enttyp><attr><attrlabl Sync="TRUE">OBJECTID</attrlabl><attalias Sync="TRUE">OBJECTID</attalias><attrtype Sync="TRUE">OID</attrtype><attwidth Sync="TRUE">4</attwidth><atprecis Sync="TRUE">0</atprecis><attscale Sync="TRUE">0</attscale><attrdef Sync="TRUE">Internal feature number.</attrdef><attrdefs Sync="TRUE">Esri</attrdefs><attrdomv><udom Sync="TRUE">Sequential unique whole numbers that are automatically generated.</udom></attrdomv></attr><attr><attrlabl Sync="TRUE">Shape</attrlabl><attalias Sync="TRUE">Shape</attalias><attrtype Sync="TRUE">Geometry</attrtype><attwidth Sync="TRUE">0</attwidth><atprecis Sync="TRUE">0</atprecis><attscale Sync="TRUE">0</attscale><attrdef Sync="TRUE">Feature geometry.</attrdef><attrdefs Sync="TRUE">Esri</attrdefs><attrdomv><udom Sync="TRUE">Coordinates defining the features.</udom></attrdomv></attr><attr><attrlabl Sync="TRUE">PARCEL_PFI</attrlabl><attalias Sync="TRUE">PARCEL_PFI</attalias><attrtype Sync="TRUE">String</attrtype><attwidth Sync="TRUE">10</attwidth><atprecis Sync="TRUE">0</atprecis><attscale Sync="TRUE">0</attscale></attr><attr><attrlabl Sync="TRUE">PARCEL_SPI</attrlabl><attalias Sync="TRUE">PARCEL_SPI</attalias><attrtype Sync="TRUE">String</attrtype><attwidth Sync="TRUE">18</attwidth><atprecis Sync="TRUE">0</atprecis><attscale Sync="TRUE">0</attscale></attr><attr><attrlabl Sync="TRUE">PC_SPIC</attrlabl><attalias Sync="TRUE">PC_SPIC</attalias><attrtype Sync="TRUE">SmallInteger</attrtype><attwidth Sync="TRUE">2</attwidth><atprecis Sync="TRUE">0</atprecis><attscale Sync="TRUE">0</attscale></attr><attr><attrlabl Sync="TRUE">PC_DTYPE</attrlabl><attalias Sync="TRUE">PC_DTYPE</attalias><attrtype Sync="TRUE">String</attrtype><attwidth Sync="TRUE">2</attwidth><atprecis Sync="TRUE">0</atprecis><attscale Sync="TRUE">0</attscale></attr><attr><attrlabl Sync="TRUE">PC_LGAC</attrlabl><attalias Sync="TRUE">PC_LGAC</attalias><attrtype Sync="TRUE">String</attrtype><attwidth Sync="TRUE">3</attwidth><atprecis Sync="TRUE">0</atprecis><attscale Sync="TRUE">0</attscale></attr><attr><attrlabl Sync="TRUE">PC_PLANNO</attrlabl><attalias Sync="TRUE">PC_PLANNO</attalias><attrtype Sync="TRUE">String</attrtype><attwidth Sync="TRUE">9</attwidth><atprecis Sync="TRUE">0</atprecis><attscale Sync="TRUE">0</attscale></attr><attr><attrlabl Sync="TRUE">PC_LOTNO</attrlabl><attalias Sync="TRUE">PC_LOTNO</attalias><attrtype Sync="TRUE">String</attrtype><attwidth Sync="TRUE">12</attwidth><atprecis Sync="TRUE">0</atprecis><attscale Sync="TRUE">0</attscale></attr><attr><attrlabl Sync="TRUE">PARC_ACCLT</attrlabl><attalias Sync="TRUE">PARC_ACCLT</attalias><attrtype Sync="TRUE">String</attrtype><attwidth Sync="TRUE">1</attwidth><atprecis Sync="TRUE">0</atprecis><attscale Sync="TRUE">0</attscale></attr><attr><attrlabl Sync="TRUE">PC_ALL</attrlabl><attalias Sync="TRUE">PC_ALL</attalias><attrtype Sync="TRUE">String</attrtype><attwidth Sync="TRUE">10</attwidth><atprecis Sync="TRUE">0</atprecis><attscale Sync="TRUE">0</attscale></attr><attr><attrlabl Sync="TRUE">PARCEL_SEC</attrlabl><attalias Sync="TRUE">PARCEL_SEC</attalias><attrtype Sync="TRUE">String</attrtype><attwidth Sync="TRUE">12</attwidth><atprecis Sync="TRUE">0</atprecis><attscale Sync="TRUE">0</attscale></attr><attr><attrlabl Sync="TRUE">PC_BLK</attrlabl><attalias Sync="TRUE">PC_BLK</attalias><attrtype Sync="TRUE">String</attrtype><attwidth Sync="TRUE">12</attwidth><atprecis Sync="TRUE">0</atprecis><attscale Sync="TRUE">0</attscale></attr><attr><attrlabl Sync="TRUE">PC_PORT</attrlabl><attalias Sync="TRUE">PC_PORT</attalias><attrtype Sync="TRUE">String</attrtype><attwidth Sync="TRUE">12</attwidth><atprecis Sync="TRUE">0</atprecis><attscale Sync="TRUE">0</attscale></attr><attr><attrlabl Sync="TRUE">PC_SUB</attrlabl><attalias Sync="TRUE">PC_SUB</attalias><attrtype Sync="TRUE">String</attrtype><attwidth Sync="TRUE">12</attwidth><atprecis Sync="TRUE">0</atprecis><attscale Sync="TRUE">0</attscale></attr><attr><attrlabl Sync="TRUE">PC_CRSTAT</attrlabl><attalias Sync="TRUE">PC_CRSTAT</attalias><attrtype Sync="TRUE">String</attrtype><attwidth Sync="TRUE">1</attwidth><atprecis Sync="TRUE">0</atprecis><attscale Sync="TRUE">0</attscale></attr><attr><attrlabl Sync="TRUE">PC_PARC</attrlabl><attalias Sync="TRUE">PC_PARC</attalias><attrtype Sync="TRUE">String</attrtype><attwidth Sync="TRUE">4</attwidth><atprecis Sync="TRUE">0</atprecis><attscale Sync="TRUE">0</attscale></attr><attr><attrlabl Sync="TRUE">PC_TOWNC</attrlabl><attalias Sync="TRUE">PC_TOWNC</attalias><attrtype Sync="TRUE">String</attrtype><attwidth Sync="TRUE">5</attwidth><atprecis Sync="TRUE">0</atprecis><attscale Sync="TRUE">0</attscale></attr><attr><attrlabl Sync="TRUE">PC_PNUM</attrlabl><attalias Sync="TRUE">PC_PNUM</attalias><attrtype Sync="TRUE">String</attrtype><attwidth Sync="TRUE">10</attwidth><atprecis Sync="TRUE">0</atprecis><attscale Sync="TRUE">0</attscale></attr><attr><attrlabl Sync="TRUE">PC_FDESC</attrlabl><attalias Sync="TRUE">PC_FDESC</attalias><attrtype Sync="TRUE">String</attrtype><attwidth Sync="TRUE">80</attwidth><atprecis Sync="TRUE">0</atprecis><attscale Sync="TRUE">0</attscale></attr><attr><attrlabl Sync="TRUE">PC_PART</attrlabl><attalias Sync="TRUE">PC_PART</attalias><attrtype Sync="TRUE">String</attrtype><attwidth Sync="TRUE">1</attwidth><atprecis Sync="TRUE">0</atprecis><attscale Sync="TRUE">0</attscale></attr><attr><attrlabl Sync="TRUE">PC_CREFNO</attrlabl><attalias Sync="TRUE">PC_CREFNO</attalias><attrtype Sync="TRUE">String</attrtype><attwidth Sync="TRUE">15</attwidth><atprecis Sync="TRUE">0</atprecis><attscale Sync="TRUE">0</attscale></attr><attr><attrlabl Sync="TRUE">PC_STAT</attrlabl><attalias Sync="TRUE">PC_STAT</attalias><attrtype Sync="TRUE">String</attrtype><attwidth Sync="TRUE">1</attwidth><atprecis Sync="TRUE">0</atprecis><attscale Sync="TRUE">0</attscale></attr><attr><attrlabl Sync="TRUE">PC_PFI_CR</attrlabl><attalias Sync="TRUE">PC_PFI_CR</attalias><attrtype Sync="TRUE">Date</attrtype><attwidth Sync="TRUE">8</attwidth><atprecis Sync="TRUE">0</atprecis><attscale Sync="TRUE">0</attscale></attr><attr><attrlabl Sync="TRUE">PARCEL_UFI</attrlabl><attalias Sync="TRUE">PARCEL_UFI</attalias><attrtype Sync="TRUE">Double</attrtype><attwidth Sync="TRUE">8</attwidth><atprecis Sync="TRUE">0</atprecis><attscale Sync="TRUE">0</attscale></attr><attr><attrlabl Sync="TRUE">PC_UFI_CR</attrlabl><attalias Sync="TRUE">PC_UFI_CR</attalias><attrtype Sync="TRUE">Date</attrtype><attwidth Sync="TRUE">8</attwidth><atprecis Sync="TRUE">0</atprecis><attscale Sync="TRUE">0</attscale></attr><attr><attrlabl Sync="TRUE">PC_UFI_OL</attrlabl><attalias Sync="TRUE">PC_UFI_OL</attalias><attrtype Sync="TRUE">Double</attrtype><attwidth Sync="TRUE">8</attwidth><atprecis Sync="TRUE">0</atprecis><attscale Sync="TRUE">0</attscale></attr><attr><attrlabl Sync="TRUE">PARV_PFI</attrlabl><attalias Sync="TRUE">PARV_PFI</attalias><attrtype Sync="TRUE">String</attrtype><attwidth Sync="TRUE">10</attwidth><atprecis Sync="TRUE">0</atprecis><attscale Sync="TRUE">0</attscale></attr><attr><attrlabl Sync="TRUE">PV_CNT_PFI</attrlabl><attalias Sync="TRUE">PV_CNT_PFI</attalias><attrtype Sync="TRUE">String</attrtype><attwidth Sync="TRUE">10</attwidth><atprecis Sync="TRUE">0</atprecis><attscale Sync="TRUE">0</attscale></attr><attr><attrlabl Sync="TRUE">ZLEVEL</attrlabl><attalias Sync="TRUE">ZLEVEL</attalias><attrtype Sync="TRUE">String</attrtype><attwidth Sync="TRUE">2</attwidth><atprecis Sync="TRUE">0</atprecis><attscale Sync="TRUE">0</attscale></attr><attr><attrlabl Sync="TRUE">PV_PFI_CR</attrlabl><attalias Sync="TRUE">PV_PFI_CR</attalias><attrtype Sync="TRUE">Date</attrtype><attwidth Sync="TRUE">8</attwidth><atprecis Sync="TRUE">0</atprecis><attscale Sync="TRUE">0</attscale></attr><attr><attrlabl Sync="TRUE">PARV_UFI</attrlabl><attalias Sync="TRUE">PARV_UFI</attalias><attrtype Sync="TRUE">Double</attrtype><attwidth Sync="TRUE">8</attwidth><atprecis Sync="TRUE">0</atprecis><attscale Sync="TRUE">0</attscale></attr><attr><attrlabl Sync="TRUE">PV_UFI_CR</attrlabl><attalias Sync="TRUE">PV_UFI_CR</attalias><attrtype Sync="TRUE">Date</attrtype><attwidth Sync="TRUE">8</attwidth><atprecis Sync="TRUE">0</atprecis><attscale Sync="TRUE">0</attscale></attr><attr><attrlabl Sync="TRUE">PV_UFI_OLD</attrlabl><attalias Sync="TRUE">PV_UFI_OLD</attalias><attrtype Sync="TRUE">Double</attrtype><attwidth Sync="TRUE">8</attwidth><atprecis Sync="TRUE">0</atprecis><attscale Sync="TRUE">0</attscale></attr><attr><attrlabl Sync="TRUE">Shape_Length</attrlabl><attalias Sync="TRUE">Shape_Length</attalias><attrtype Sync="TRUE">Double</attrtype><attwidth Sync="TRUE">8</attwidth><atprecis Sync="TRUE">0</atprecis><attscale Sync="TRUE">0</attscale><attrdef Sync="TRUE">Length of feature in internal units.</attrdef><attrdefs Sync="TRUE">Esri</attrdefs><attrdomv><udom Sync="TRUE">Positive real numbers that are automatically generated.</udom></attrdomv></attr><attr><attrlabl Sync="TRUE">Shape_Area</attrlabl><attalias Sync="TRUE">Shape_Area</attalias><attrtype Sync="TRUE">Double</attrtype><attwidth Sync="TRUE">8</attwidth><atprecis Sync="TRUE">0</atprecis><attscale Sync="TRUE">0</attscale><attrdef Sync="TRUE">Area of feature in internal units squared.</attrdef><attrdefs Sync="TRUE">Esri</attrdefs><attrdomv><udom Sync="TRUE">Positive real numbers that are automatically generated.</udom></attrdomv></attr></detailed></eainfo><mdDateSt Sync="TRUE">20191016</mdDateSt></metadata>
