<metadata xml:lang="en"><Esri><CreaDate>20191008</CreaDate><CreaTime>14522500</CreaTime><ArcGISFormat>1.0</ArcGISFormat><SyncOnce>FALSE</SyncOnce><DataProperties><itemProps><itemName Sync="TRUE">Transmission_lines</itemName><imsContentType Sync="TRUE">002</imsContentType><itemLocation><linkage Sync="TRUE">file://\\DESKTOP-5IB3Q74\E$\GeoProg\Transmission_lines.shp</linkage><protocol Sync="TRUE">Local Area Network</protocol></itemLocation><itemSize Sync="TRUE">0.000</itemSize></itemProps><coordRef><type Sync="TRUE">Projected</type><geogcsn Sync="TRUE">GCS_GDA_1994</geogcsn><csUnits Sync="TRUE">Linear Unit: Meter (1.000000)</csUnits><projcsn Sync="TRUE">GDA_1994_VICGRID94</projcsn><peXml Sync="TRUE">&lt;ProjectedCoordinateSystem xsi:type='typens:ProjectedCoordinateSystem' xmlns:xsi='http://www.w3.org/2001/XMLSchema-instance' xmlns:xs='http://www.w3.org/2001/XMLSchema' xmlns:typens='http://www.esri.com/schemas/ArcGIS/10.6'&gt;&lt;WKT&gt;PROJCS[&amp;quot;GDA_1994_VICGRID94&amp;quot;,GEOGCS[&amp;quot;GCS_GDA_1994&amp;quot;,DATUM[&amp;quot;D_GDA_1994&amp;quot;,SPHEROID[&amp;quot;GRS_1980&amp;quot;,6378137.0,298.257222101]],PRIMEM[&amp;quot;Greenwich&amp;quot;,0.0],UNIT[&amp;quot;Degree&amp;quot;,0.0174532925199433]],PROJECTION[&amp;quot;Lambert_Conformal_Conic&amp;quot;],PARAMETER[&amp;quot;False_Easting&amp;quot;,2500000.0],PARAMETER[&amp;quot;False_Northing&amp;quot;,2500000.0],PARAMETER[&amp;quot;Central_Meridian&amp;quot;,145.0],PARAMETER[&amp;quot;Standard_Parallel_1&amp;quot;,-36.0],PARAMETER[&amp;quot;Standard_Parallel_2&amp;quot;,-38.0],PARAMETER[&amp;quot;Latitude_Of_Origin&amp;quot;,-37.0],UNIT[&amp;quot;Meter&amp;quot;,1.0],AUTHORITY[&amp;quot;EPSG&amp;quot;,3111]]&lt;/WKT&gt;&lt;XOrigin&gt;-34932800&lt;/XOrigin&gt;&lt;YOrigin&gt;-17746400&lt;/YOrigin&gt;&lt;XYScale&gt;120311588.42967919&lt;/XYScale&gt;&lt;ZOrigin&gt;-100000&lt;/ZOrigin&gt;&lt;ZScale&gt;10000&lt;/ZScale&gt;&lt;MOrigin&gt;-100000&lt;/MOrigin&gt;&lt;MScale&gt;10000&lt;/MScale&gt;&lt;XYTolerance&gt;0.001&lt;/XYTolerance&gt;&lt;ZTolerance&gt;0.001&lt;/ZTolerance&gt;&lt;MTolerance&gt;0.001&lt;/MTolerance&gt;&lt;HighPrecision&gt;true&lt;/HighPrecision&gt;&lt;WKID&gt;102171&lt;/WKID&gt;&lt;LatestWKID&gt;3111&lt;/LatestWKID&gt;&lt;/ProjectedCoordinateSystem&gt;</peXml></coordRef><lineage><Process ToolSource="c:\program files (x86)\arcgis\desktop10.6\ArcToolbox\Toolboxes\Analysis Tools.tbx\Clip" Date="20191008" Time="145227">Clip FOI_LINE solar_irradiance "D:\GIS\Major GIS assignment\Major.gdb\FOI_LINE_Clip" #</Process><Process ToolSource="c:\program files (x86)\arcgis\desktop10.6\ArcToolbox\Toolboxes\Conversion Tools.tbx\FeatureClassToFeatureClass" Date="20191015" Time="164740">FeatureClassToFeatureClass "D:\GIS\Major GIS assignment\Major.gdb\FOI_LINE_Clip" E:\GeoProg Transmission_lines.shp # "UFI "UFI" true true false 4 Long 0 0 ,First,#,D:\GIS\Major GIS assignment\Major.gdb\FOI_LINE_Clip,UFI,-1,-1;PFI "PFI" true true false 4 Long 0 0 ,First,#,D:\GIS\Major GIS assignment\Major.gdb\FOI_LINE_Clip,PFI,-1,-1;FEATURE_ID "FEATURE_ID" true true false 4 Long 0 0 ,First,#,D:\GIS\Major GIS assignment\Major.gdb\FOI_LINE_Clip,FEATURE_ID,-1,-1;PARENTFTID "PARENTFTID" true true false 4 Long 0 0 ,First,#,D:\GIS\Major GIS assignment\Major.gdb\FOI_LINE_Clip,PARENTFTID,-1,-1;FTYPE "FTYPE" true true false 30 Text 0 0 ,First,#,D:\GIS\Major GIS assignment\Major.gdb\FOI_LINE_Clip,FTYPE,-1,-1;FEATSUBTYP "FEATSUBTYP" true true false 30 Text 0 0 ,First,#,D:\GIS\Major GIS assignment\Major.gdb\FOI_LINE_Clip,FEATSUBTYP,-1,-1;FEATSTATUS "FEATSTATUS" true true false 1 Text 0 0 ,First,#,D:\GIS\Major GIS assignment\Major.gdb\FOI_LINE_Clip,FEATSTATUS,-1,-1;NAME "NAME" true true false 100 Text 0 0 ,First,#,D:\GIS\Major GIS assignment\Major.gdb\FOI_LINE_Clip,NAME,-1,-1;NAME_LABEL "NAME_LABEL" true true false 100 Text 0 0 ,First,#,D:\GIS\Major GIS assignment\Major.gdb\FOI_LINE_Clip,NAME_LABEL,-1,-1;PARENTNAME "PARENTNAME" true true false 100 Text 0 0 ,First,#,D:\GIS\Major GIS assignment\Major.gdb\FOI_LINE_Clip,PARENTNAME,-1,-1;CHILDEXIST "CHILDEXIST" true true false 1 Text 0 0 ,First,#,D:\GIS\Major GIS assignment\Major.gdb\FOI_LINE_Clip,CHILDEXIST,-1,-1;AUTHORGC "AUTHORGC" true true false 4 Text 0 0 ,First,#,D:\GIS\Major GIS assignment\Major.gdb\FOI_LINE_Clip,AUTHORGC,-1,-1;AUTHORGID "AUTHORGID" true true false 30 Text 0 0 ,First,#,D:\GIS\Major GIS assignment\Major.gdb\FOI_LINE_Clip,AUTHORGID,-1,-1;AUTHORGVER "AUTHORGVER" true true false 8 Date 0 0 ,First,#,D:\GIS\Major GIS assignment\Major.gdb\FOI_LINE_Clip,AUTHORGVER,-1,-1;VMADD_PFI "VMADD_PFI" true true false 10 Text 0 0 ,First,#,D:\GIS\Major GIS assignment\Major.gdb\FOI_LINE_Clip,VMADD_PFI,-1,-1;VICNAMESID "VICNAMESID" true true false 4 Long 0 0 ,First,#,D:\GIS\Major GIS assignment\Major.gdb\FOI_LINE_Clip,VICNAMESID,-1,-1;VICNMSTATC "VICNMSTATC" true true false 2 Text 0 0 ,First,#,D:\GIS\Major GIS assignment\Major.gdb\FOI_LINE_Clip,VICNMSTATC,-1,-1;THEME1 "THEME1" true true false 20 Text 0 0 ,First,#,D:\GIS\Major GIS assignment\Major.gdb\FOI_LINE_Clip,THEME1,-1,-1;THEME2 "THEME2" true true false 20 Text 0 0 ,First,#,D:\GIS\Major GIS assignment\Major.gdb\FOI_LINE_Clip,THEME2,-1,-1;STATE "STATE" true true false 3 Text 0 0 ,First,#,D:\GIS\Major GIS assignment\Major.gdb\FOI_LINE_Clip,STATE,-1,-1;CRDATE_PFI "CRDATE_PFI" true true false 8 Date 0 0 ,First,#,D:\GIS\Major GIS assignment\Major.gdb\FOI_LINE_Clip,CRDATE_PFI,-1,-1;SUPER_PFI "SUPER_PFI" true true false 4 Long 0 0 ,First,#,D:\GIS\Major GIS assignment\Major.gdb\FOI_LINE_Clip,SUPER_PFI,-1,-1;CRDATE_UFI "CRDATE_UFI" true true false 8 Date 0 0 ,First,#,D:\GIS\Major GIS assignment\Major.gdb\FOI_LINE_Clip,CRDATE_UFI,-1,-1;Shape_Leng "Shape_Leng" false true true 8 Double 0 0 ,First,#,D:\GIS\Major GIS assignment\Major.gdb\FOI_LINE_Clip,Shape_Length,-1,-1" #</Process></lineage></DataProperties><SyncDate>20191015</SyncDate><SyncTime>16473800</SyncTime><ModDate>20191015</ModDate><ModTime>16473800</ModTime></Esri><dataIdInfo><envirDesc Sync="TRUE"> Version 6.2 (Build 9200) ; Esri ArcGIS 10.6.1.9270</envirDesc><dataLang><languageCode value="eng" Sync="TRUE"></languageCode><countryCode value="AUS" Sync="TRUE"></countryCode></dataLang><idCitation><resTitle Sync="TRUE">Transmission_lines</resTitle><presForm><PresFormCd value="005" Sync="TRUE"></PresFormCd></presForm></idCitation><spatRpType><SpatRepTypCd value="001" Sync="TRUE"></SpatRepTypCd></spatRpType></dataIdInfo><mdLang><languageCode value="eng" Sync="TRUE"></languageCode><countryCode value="AUS" Sync="TRUE"></countryCode></mdLang><distInfo><distFormat><formatName Sync="TRUE">Shapefile</formatName></distFormat><distTranOps><transSize Sync="TRUE">0.000</transSize></distTranOps></distInfo><mdHrLv><ScopeCd value="005" Sync="TRUE"></ScopeCd></mdHrLv><mdHrLvName Sync="TRUE">dataset</mdHrLvName><refSysInfo><RefSystem><refSysID><identCode code="3111" Sync="TRUE"></identCode><idCodeSpace Sync="TRUE">EPSG</idCodeSpace><idVersion Sync="TRUE">9.0(9.2.0)</idVersion></refSysID></RefSystem></refSysInfo><spatRepInfo><VectSpatRep><geometObjs Name="Transmission_lines"><geoObjTyp><GeoObjTypCd value="002" Sync="TRUE"></GeoObjTypCd></geoObjTyp><geoObjCnt Sync="TRUE">0</geoObjCnt></geometObjs><topLvl><TopoLevCd value="001" Sync="TRUE"></TopoLevCd></topLvl></VectSpatRep></spatRepInfo><spdoinfo><ptvctinf><esriterm Name="Transmission_lines"><efeatyp Sync="TRUE">Simple</efeatyp><efeageom code="3" Sync="TRUE"></efeageom><esritopo Sync="TRUE">FALSE</esritopo><efeacnt Sync="TRUE">0</efeacnt><spindex Sync="TRUE">FALSE</spindex><linrefer Sync="TRUE">FALSE</linrefer></esriterm></ptvctinf></spdoinfo><eainfo><detailed Name="Transmission_lines"><enttyp><enttypl Sync="TRUE">Transmission_lines</enttypl><enttypt Sync="TRUE">Feature Class</enttypt><enttypc Sync="TRUE">0</enttypc></enttyp><attr><attrlabl Sync="TRUE">FID</attrlabl><attalias Sync="TRUE">FID</attalias><attrtype Sync="TRUE">OID</attrtype><attwidth Sync="TRUE">4</attwidth><atprecis Sync="TRUE">0</atprecis><attscale Sync="TRUE">0</attscale><attrdef Sync="TRUE">Internal feature number.</attrdef><attrdefs Sync="TRUE">Esri</attrdefs><attrdomv><udom Sync="TRUE">Sequential unique whole numbers that are automatically generated.</udom></attrdomv></attr><attr><attrlabl Sync="TRUE">Shape</attrlabl><attalias Sync="TRUE">Shape</attalias><attrtype Sync="TRUE">Geometry</attrtype><attwidth Sync="TRUE">0</attwidth><atprecis Sync="TRUE">0</atprecis><attscale Sync="TRUE">0</attscale><attrdef Sync="TRUE">Feature geometry.</attrdef><attrdefs Sync="TRUE">Esri</attrdefs><attrdomv><udom Sync="TRUE">Coordinates defining the features.</udom></attrdomv></attr><attr><attrlabl Sync="TRUE">UFI</attrlabl><attalias Sync="TRUE">UFI</attalias><attrtype Sync="TRUE">Integer</attrtype><attwidth Sync="TRUE">10</attwidth><atprecis Sync="TRUE">10</atprecis><attscale Sync="TRUE">0</attscale></attr><attr><attrlabl Sync="TRUE">PFI</attrlabl><attalias Sync="TRUE">PFI</attalias><attrtype Sync="TRUE">Integer</attrtype><attwidth Sync="TRUE">10</attwidth><atprecis Sync="TRUE">10</atprecis><attscale Sync="TRUE">0</attscale></attr><attr><attrlabl Sync="TRUE">FEATURE_ID</attrlabl><attalias Sync="TRUE">FEATURE_ID</attalias><attrtype Sync="TRUE">Integer</attrtype><attwidth Sync="TRUE">10</attwidth><atprecis Sync="TRUE">10</atprecis><attscale Sync="TRUE">0</attscale></attr><attr><attrlabl Sync="TRUE">PARENTFTID</attrlabl><attalias Sync="TRUE">PARENTFTID</attalias><attrtype Sync="TRUE">Integer</attrtype><attwidth Sync="TRUE">10</attwidth><atprecis Sync="TRUE">10</atprecis><attscale Sync="TRUE">0</attscale></attr><attr><attrlabl Sync="TRUE">FTYPE</attrlabl><attalias Sync="TRUE">FTYPE</attalias><attrtype Sync="TRUE">String</attrtype><attwidth Sync="TRUE">30</attwidth><atprecis Sync="TRUE">0</atprecis><attscale Sync="TRUE">0</attscale></attr><attr><attrlabl Sync="TRUE">FEATSUBTYP</attrlabl><attalias Sync="TRUE">FEATSUBTYP</attalias><attrtype Sync="TRUE">String</attrtype><attwidth Sync="TRUE">30</attwidth><atprecis Sync="TRUE">0</atprecis><attscale Sync="TRUE">0</attscale></attr><attr><attrlabl Sync="TRUE">FEATSTATUS</attrlabl><attalias Sync="TRUE">FEATSTATUS</attalias><attrtype Sync="TRUE">String</attrtype><attwidth Sync="TRUE">1</attwidth><atprecis Sync="TRUE">0</atprecis><attscale Sync="TRUE">0</attscale></attr><attr><attrlabl Sync="TRUE">NAME</attrlabl><attalias Sync="TRUE">NAME</attalias><attrtype Sync="TRUE">String</attrtype><attwidth Sync="TRUE">100</attwidth><atprecis Sync="TRUE">0</atprecis><attscale Sync="TRUE">0</attscale></attr><attr><attrlabl Sync="TRUE">NAME_LABEL</attrlabl><attalias Sync="TRUE">NAME_LABEL</attalias><attrtype Sync="TRUE">String</attrtype><attwidth Sync="TRUE">100</attwidth><atprecis Sync="TRUE">0</atprecis><attscale Sync="TRUE">0</attscale></attr><attr><attrlabl Sync="TRUE">PARENTNAME</attrlabl><attalias Sync="TRUE">PARENTNAME</attalias><attrtype Sync="TRUE">String</attrtype><attwidth Sync="TRUE">100</attwidth><atprecis Sync="TRUE">0</atprecis><attscale Sync="TRUE">0</attscale></attr><attr><attrlabl Sync="TRUE">CHILDEXIST</attrlabl><attalias Sync="TRUE">CHILDEXIST</attalias><attrtype Sync="TRUE">String</attrtype><attwidth Sync="TRUE">1</attwidth><atprecis Sync="TRUE">0</atprecis><attscale Sync="TRUE">0</attscale></attr><attr><attrlabl Sync="TRUE">AUTHORGC</attrlabl><attalias Sync="TRUE">AUTHORGC</attalias><attrtype Sync="TRUE">String</attrtype><attwidth Sync="TRUE">4</attwidth><atprecis Sync="TRUE">0</atprecis><attscale Sync="TRUE">0</attscale></attr><attr><attrlabl Sync="TRUE">AUTHORGID</attrlabl><attalias Sync="TRUE">AUTHORGID</attalias><attrtype Sync="TRUE">String</attrtype><attwidth Sync="TRUE">30</attwidth><atprecis Sync="TRUE">0</atprecis><attscale Sync="TRUE">0</attscale></attr><attr><attrlabl Sync="TRUE">AUTHORGVER</attrlabl><attalias Sync="TRUE">AUTHORGVER</attalias><attrtype Sync="TRUE">Date</attrtype><attwidth Sync="TRUE">8</attwidth><atprecis Sync="TRUE">0</atprecis><attscale Sync="TRUE">0</attscale></attr><attr><attrlabl Sync="TRUE">VMADD_PFI</attrlabl><attalias Sync="TRUE">VMADD_PFI</attalias><attrtype Sync="TRUE">String</attrtype><attwidth Sync="TRUE">10</attwidth><atprecis Sync="TRUE">0</atprecis><attscale Sync="TRUE">0</attscale></attr><attr><attrlabl Sync="TRUE">VICNAMESID</attrlabl><attalias Sync="TRUE">VICNAMESID</attalias><attrtype Sync="TRUE">Integer</attrtype><attwidth Sync="TRUE">10</attwidth><atprecis Sync="TRUE">10</atprecis><attscale Sync="TRUE">0</attscale></attr><attr><attrlabl Sync="TRUE">VICNMSTATC</attrlabl><attalias Sync="TRUE">VICNMSTATC</attalias><attrtype Sync="TRUE">String</attrtype><attwidth Sync="TRUE">2</attwidth><atprecis Sync="TRUE">0</atprecis><attscale Sync="TRUE">0</attscale></attr><attr><attrlabl Sync="TRUE">THEME1</attrlabl><attalias Sync="TRUE">THEME1</attalias><attrtype Sync="TRUE">String</attrtype><attwidth Sync="TRUE">20</attwidth><atprecis Sync="TRUE">0</atprecis><attscale Sync="TRUE">0</attscale></attr><attr><attrlabl Sync="TRUE">THEME2</attrlabl><attalias Sync="TRUE">THEME2</attalias><attrtype Sync="TRUE">String</attrtype><attwidth Sync="TRUE">20</attwidth><atprecis Sync="TRUE">0</atprecis><attscale Sync="TRUE">0</attscale></attr><attr><attrlabl Sync="TRUE">STATE</attrlabl><attalias Sync="TRUE">STATE</attalias><attrtype Sync="TRUE">String</attrtype><attwidth Sync="TRUE">3</attwidth><atprecis Sync="TRUE">0</atprecis><attscale Sync="TRUE">0</attscale></attr><attr><attrlabl Sync="TRUE">CRDATE_PFI</attrlabl><attalias Sync="TRUE">CRDATE_PFI</attalias><attrtype Sync="TRUE">Date</attrtype><attwidth Sync="TRUE">8</attwidth><atprecis Sync="TRUE">0</atprecis><attscale Sync="TRUE">0</attscale></attr><attr><attrlabl Sync="TRUE">SUPER_PFI</attrlabl><attalias Sync="TRUE">SUPER_PFI</attalias><attrtype Sync="TRUE">Integer</attrtype><attwidth Sync="TRUE">10</attwidth><atprecis Sync="TRUE">10</atprecis><attscale Sync="TRUE">0</attscale></attr><attr><attrlabl Sync="TRUE">CRDATE_UFI</attrlabl><attalias Sync="TRUE">CRDATE_UFI</attalias><attrtype Sync="TRUE">Date</attrtype><attwidth Sync="TRUE">8</attwidth><atprecis Sync="TRUE">0</atprecis><attscale Sync="TRUE">0</attscale></attr><attr><attrlabl Sync="TRUE">Shape_Leng</attrlabl><attalias Sync="TRUE">Shape_Leng</attalias><attrtype Sync="TRUE">Double</attrtype><attwidth Sync="TRUE">19</attwidth><atprecis Sync="TRUE">0</atprecis><attscale Sync="TRUE">0</attscale></attr></detailed></eainfo><mdDateSt Sync="TRUE">20191015</mdDateSt></metadata>
